,state,state code,total,male,male under 1,male 1,male 2,male 3,male 4,male 5,male 6,male 7,male 8,male 9,male 10,male 11,male 12,male 13,male 14,male 15,male 16,male 17,male 18,male 19,male 20,male 21,male 22,male 23,male 24,male 25,male 26,male 27,male 28,male 29,male 30,male 31,male 32,male 33,male 34,male 35,male 36,male 37,male 38,male 39,male 40,male 41,male 42,male 43,male 44,male 45,male 46,male 47,male 48,male 49,male 50,male 51,male 52,male 53,male 54,male 55,male 56,male 57,male 58,male 59,male 60,male 61,male 62,male 63,male 64,male 65,male 66,male 67,male 68,male 69,male 70,male 71,male 72,male 73,male 74,male 75,male 76,male 77,male 78,male 79,male 80,male 81,male 82,male 83,male 84,male 85,male 86,male 87,male 88,male 89,male 90,male 91,male 92,male 93,male 94,male 95,male 96,male 97,male 98,male 99,male 100-104,male 105-109,male 110+,female,female under 1,female 1,female 2,female 3,female 4,female 5,female 6,female 7,female 8,female 9,female 10,female 11,female 12,female 13,female 14,female 15,female 16,female 17,female 18,female 19,female 20,female 21,female 22,female 23,female 24,female 25,female 26,female 27,female 28,female 29,female 30,female 31,female 32,female 33,female 34,female 35,female 36,female 37,female 38,female 39,female 40,female 41,female 42,female 43,female 44,female 45,female 46,female 47,female 48,female 49,female 50,female 51,female 52,female 53,female 54,female 55,female 56,female 57,female 58,female 59,female 60,female 61,female 62,female 63,female 64,female 65,female 66,female 67,female 68,female 69,female 70,female 71,female 72,female 73,female 74,female 75,female 76,female 77,female 78,female 79,female 80,female 81,female 82,female 83,female 84,female 85,female 86,female 87,female 88,female 89,female 90,female 91,female 92,female 93,female 94,female 95,female 96,female 97,female 98,female 99,female 100-104,female 105-109,female 110+
0,Alabama,01,53595,25329,316,331,386,373,374,360,404,358,324,412,350,333,398,347,346,329,318,346,373,389,415,444,514,560,541,507,507,506,449,470,479,441,473,404,464,520,450,503,482,533,520,428,423,424,361,382,369,362,336,316,345,296,262,285,234,240,217,200,203,180,191,164,166,180,121,136,129,121,101,105,86,90,63,67,59,59,38,38,24,28,20,27,22,16,15,15,4,12,4,4,6,1,0,0,3,0,0,0,0,2,0,0,0,28266,326,331,351,399,388,461,420,409,356,390,394,339,332,340,325,310,330,308,349,382,367,398,442,445,443,493,555,506,518,491,505,536,522,532,504,482,486,567,562,550,530,491,495,395,412,443,476,375,392,382,376,376,355,331,362,363,335,314,333,314,325,260,279,227,196,193,162,153,155,129,116,106,99,100,84,81,74,81,73,86,57,38,42,37,31,10,16,15,11,8,4,5,2,7,4,1,3,1,1,0,0,0,0
1,Alaska,02,38135,17828,251,255,281,236,258,260,248,292,276,281,284,245,275,313,313,293,307,315,283,294,287,300,285,305,319,283,300,291,281,236,229,227,194,219,210,254,242,266,255,239,259,249,245,232,290,287,293,285,295,270,279,261,284,249,242,258,248,236,188,181,183,164,179,150,125,128,93,98,71,89,78,74,48,47,45,45,44,24,19,26,38,27,19,16,17,17,16,8,10,2,5,2,2,2,2,0,0,0,1,1,0,0,0,20307,185,194,226,247,237,251,279,301,249,294,287,292,295,298,271,327,288,319,284,258,261,246,291,250,288,300,252,298,299,274,289,283,295,289,253,307,319,299,318,333,360,303,310,343,308,334,351,324,313,318,333,316,305,346,280,319,283,280,262,247,271,256,184,194,178,152,143,138,128,99,104,96,98,95,80,80,76,73,57,61,75,47,45,41,32,22,21,23,16,19,15,9,5,5,2,3,1,2,0,0,0,0,0
2,Arizona,04,176695,82181,1124,1168,1189,1190,1206,1259,1187,1134,1094,1130,1047,1094,1087,1029,1086,1084,1070,1046,1246,1324,1371,1375,1403,1359,1398,1573,1503,1599,1489,1431,1552,1505,1563,1505,1501,1626,1686,1603,1654,1574,1542,1437,1291,1225,1191,1264,1146,1196,1032,1081,1061,977,956,854,851,795,760,762,670,658,632,634,538,516,439,490,408,420,406,361,373,348,313,327,272,256,219,194,174,167,138,113,101,90,92,58,58,53,46,31,27,22,13,9,4,6,7,4,2,3,3,0,1,94514,1095,1081,1204,1168,1174,1221,1202,1205,1160,1202,1107,1112,1064,1121,1106,1060,1042,994,1107,1142,1213,1211,1079,1176,1327,1488,1544,1643,1766,1767,1784,1721,1714,1750,1774,1822,1880,1849,1917,1870,1844,1657,1569,1435,1437,1441,1419,1419,1339,1372,1268,1292,1246,1216,1216,1150,1098,1123,1039,1031,1068,996,942,876,775,686,705,622,550,511,498,475,427,409,407,340,338,305,283,280,240,217,150,152,134,131,102,83,70,52,59,42,35,21,17,14,9,3,6,3,5,3,0
3,Arkansas,05,36102,16942,237,244,263,280,280,255,229,264,240,278,256,238,209,220,203,234,238,258,255,310,342,350,337,312,352,368,354,346,365,332,355,336,305,329,327,340,293,295,282,320,281,272,222,216,239,227,197,217,180,212,236,197,178,171,184,162,156,150,149,128,133,139,101,94,88,80,70,64,55,65,53,36,43,35,37,33,34,27,29,23,24,8,14,7,7,6,7,5,2,5,2,1,0,5,1,1,1,1,0,1,0,0,0,19160,240,286,276,237,292,305,295,274,251,287,271,198,240,266,193,208,250,245,268,296,316,331,296,352,343,339,388,414,399,401,423,352,346,357,348,364,356,342,317,311,345,294,280,259,293,261,266,248,226,259,254,212,254,212,220,235,217,185,210,199,190,159,145,145,103,112,100,96,87,80,64,63,64,53,54,41,59,43,37,28,45,35,29,16,20,28,15,9,3,10,7,2,5,1,5,1,1,1,0,0,1,1,0
4,California,06,4861007,2300369,25944,26489,28280,27639,27248,28138,28131,27595,26819,29105,27909,27177,28555,29421,30339,30939,31178,31778,33822,35165,35545,36970,35153,33819,34601,36084,35628,36194,35932,34791,36515,33611,33739,34527,35530,37819,37011,37651,37672,37661,38277,35775,34107,32723,33876,35287,35351,35553,32564,33190,34419,32420,32159,31507,31115,31383,28997,28304,25988,25994,27084,24865,23122,21460,18005,17757,16173,15582,14684,14321,14081,12753,12385,11569,10800,10192,9361,9084,8073,7913,7319,6382,5988,5401,4835,4324,3818,3368,2824,2326,1914,1338,1112,876,640,471,348,264,159,118,152,12,3,2560638,24460,24993,26792,26359,26163,27257,26847,26492,25524,27731,26396,25844,26852,27862,28165,28674,29175,30323,32126,33768,34202,36007,33590,32997,34061,36812,37154,38912,40440,39737,41154,38631,38853,39873,40741,42931,42300,43959,43751,44064,44036,41920,39709,37979,39064,40505,41309,40782,38027,39068,39907,38201,38239,37745,37915,38084,34976,34561,31640,32258,33237,30273,28300,26566,21856,22159,19656,18859,18273,17547,17425,15677,15725,14994,14156,13633,12927,12593,11270,11496,10753,9780,9050,8433,7646,6933,6095,5352,4417,3984,3204,2389,1926,1613,1321,961,702,543,340,262,352,57,6
5,Louisiana,22,70132,34724,504,422,464,442,447,484,442,479,373,416,409,419,470,454,408,453,433,483,484,550,590,643,701,788,798,780,729,717,678,676,600,553,604,593,589,617,545,609,625,586,587,528,511,478,488,539,489,530,395,469,475,448,462,437,412,395,405,397,357,350,328,291,288,258,223,188,203,162,165,155,145,122,123,123,90,61,77,59,61,58,61,40,43,20,32,17,25,28,12,12,15,4,4,5,2,6,2,1,1,1,3,1,0,35408,443,415,477,448,443,479,494,469,428,473,441,385,414,408,434,443,401,430,445,454,511,578,611,638,672,691,677,705,685,690,687,671,639,628,601,612,580,666,630,638,589,590,487,511,482,486,491,448,435,450,471,520,429,452,472,474,416,432,432,416,412,340,343,316,263,247,220,200,177,164,136,122,137,122,111,111,96,92,99,90,88,57,70,28,45,48,30,21,12,21,18,11,11,7,5,7,6,4,1,1,2,0,0
6,Kentucky,21,48930,22868,370,367,366,392,381,402,413,375,371,358,366,322,286,318,310,284,280,293,333,314,349,379,385,373,399,441,402,443,438,440,449,459,447,459,461,455,440,505,487,466,464,441,364,354,356,387,351,305,241,241,264,245,218,178,207,211,168,166,143,163,161,144,141,125,114,124,95,101,110,66,75,66,74,68,64,41,43,23,24,33,24,20,18,16,9,10,8,4,2,5,2,4,4,2,0,1,1,0,1,0,0,0,0,26062,336,349,395,427,484,466,509,493,408,450,396,356,339,281,322,265,289,282,293,321,328,388,413,390,418,496,501,551,496,493,525,498,480,511,538,534,558,507,480,518,478,449,419,387,362,363,363,331,296,296,292,293,264,255,265,259,253,243,200,241,233,229,223,182,177,128,153,140,117,110,98,103,91,70,88,58,60,59,52,45,53,36,30,22,18,21,13,9,9,12,11,8,3,1,2,1,1,1,0,0,2,0,0
7,Colorado,08,139028,63132,774,808,889,911,885,903,986,971,941,972,886,854,844,841,871,892,795,837,901,922,944,1041,1010,1089,1082,1093,1139,1135,1172,1118,1149,1066,1097,1006,1147,1209,1219,1238,1228,1178,1164,1090,1005,1021,928,1001,994,948,811,844,820,758,734,735,640,681,630,579,522,501,575,487,487,416,368,350,367,339,307,274,246,236,217,242,192,171,166,151,128,122,110,108,94,74,66,72,52,60,49,50,28,26,13,18,10,4,2,0,1,1,3,1,0,75896,766,822,927,960,1049,1103,1133,1126,1102,1058,1057,930,1053,938,1008,882,833,852,849,911,915,1002,958,1064,1150,1172,1322,1339,1331,1301,1301,1308,1292,1304,1463,1500,1424,1588,1470,1386,1432,1325,1260,1159,1164,1160,1232,1115,1061,1045,1041,1020,952,953,976,902,873,856,738,795,727,687,688,646,517,515,434,482,425,356,369,285,325,289,317,290,263,273,237,214,223,193,171,141,166,117,120,79,74,58,55,34,36,26,21,16,6,5,2,2,4,0,0
8,Connecticut,09,135565,65539,1019,995,1099,1047,1080,1055,984,1011,930,940,884,850,853,815,804,807,801,808,830,928,922,902,901,932,1107,1142,1323,1322,1344,1282,1425,1315,1312,1326,1343,1363,1274,1345,1311,1230,1214,1161,1005,1003,1010,1009,1028,934,872,862,816,718,747,775,707,628,586,619,528,516,530,489,435,431,330,335,281,312,285,272,286,199,211,208,156,164,123,112,90,98,77,68,70,45,53,35,37,30,21,11,10,11,6,5,4,4,2,0,1,0,2,1,0,70026,992,1014,1064,1027,1057,1108,1075,1076,983,1044,946,909,937,893,879,803,770,790,808,849,827,893,875,1029,1053,1206,1358,1423,1477,1487,1593,1460,1365,1387,1400,1477,1413,1451,1372,1384,1347,1270,1164,995,1165,1087,1054,1005,886,909,883,835,791,819,721,753,670,667,607,596,619,527,523,485,379,384,340,348,329,284,295,232,224,176,187,204,157,150,129,137,118,90,95,68,65,59,38,48,40,31,24,14,13,6,7,9,4,2,3,1,4,0,0
9,Delaware,10,28549,13711,202,189,218,217,228,197,195,203,199,187,187,158,151,153,183,181,166,152,204,225,242,165,181,196,214,203,223,294,287,280,257,298,307,300,283,273,288,275,277,253,260,225,185,195,208,206,190,201,181,148,184,151,159,138,136,137,120,120,102,106,113,100,95,96,84,82,65,92,76,83,68,68,63,50,59,38,32,39,18,26,16,24,9,7,16,10,9,6,7,5,3,3,1,1,1,1,2,0,0,0,0,0,0,14838,201,206,212,221,190,244,240,219,192,160,186,170,163,162,142,151,149,163,201,208,206,207,178,193,239,282,290,306,344,322,295,261,309,280,285,285,252,273,294,243,294,254,178,226,201,231,215,227,205,206,180,174,147,190,172,184,141,134,139,147,131,127,150,128,115,121,101,74,111,80,81,62,76,62,53,56,45,33,39,34,26,25,20,17,20,18,15,8,12,9,2,8,2,2,0,2,1,2,1,0,0,0,0
10,District of Columbia,11,21056,8807,82,60,61,71,50,48,34,37,38,43,40,31,27,30,25,26,34,38,128,256,241,229,227,285,326,304,312,273,296,320,325,305,251,240,263,238,205,209,199,175,137,124,104,98,117,99,92,86,66,68,76,62,75,77,61,61,50,66,54,77,65,57,53,54,32,40,34,33,32,31,31,26,23,24,24,23,19,21,17,10,16,13,15,12,10,6,11,7,9,4,6,6,1,1,3,1,3,2,0,0,0,0,0,12249,64,64,63,51,43,50,58,53,48,47,37,47,30,39,49,31,38,43,203,346,338,334,366,468,406,464,448,473,433,455,481,379,374,376,275,302,285,232,223,200,170,175,143,114,130,116,118,116,92,107,105,100,93,107,90,89,106,113,86,83,112,94,86,80,68,63,48,50,65,53,54,33,38,44,43,29,44,21,29,19,18,24,15,18,20,17,21,11,11,8,10,7,7,3,5,4,1,2,3,0,2,0,0
11,Florida,12,454821,209802,2513,2550,2742,2794,2859,2841,2806,2791,2677,2744,2842,2657,2781,2643,2808,2701,2862,2896,3055,3287,3237,3235,3209,3320,3352,3447,3343,3284,3358,3220,3448,3401,3297,3403,3613,3695,3598,3911,3850,3799,3898,3583,3349,3301,3381,3320,3255,3160,2840,2941,2950,2660,2742,2636,2527,2571,2445,2383,2044,2129,2027,1936,1918,1850,1568,1469,1378,1473,1323,1231,1175,1150,1101,984,881,697,631,604,538,463,415,359,312,247,193,197,152,116,127,76,57,49,33,19,22,19,9,5,5,1,4,4,0,245019,2353,2505,2649,2732,2823,3006,2919,2958,2853,3002,2738,2704,2734,2853,2647,2716,2627,2637,2946,3021,3252,3343,3271,3318,3455,3639,3738,3984,3945,4038,4262,4048,4175,4062,4371,4342,4529,4688,4455,4583,4615,4252,4266,3885,3869,3962,4009,3845,3525,3700,3762,3626,3570,3491,3600,3513,3238,3111,2953,3052,3010,2805,2643,2448,2029,2079,1875,1853,1739,1578,1452,1294,1288,1144,1066,971,826,840,714,732,611,538,479,387,351,294,232,201,154,115,114,95,68,63,38,42,23,13,16,25,9,0,0
12,Georgia,13,314467,151962,2161,2121,2292,2304,2302,2297,2497,2339,2153,2342,2215,2034,2196,2123,2088,2179,2033,2189,2392,2486,2497,2378,2362,2203,2352,2370,2413,2593,2662,2496,2653,2358,2501,2495,2820,2986,3038,3092,3129,3000,2911,2833,2595,2413,2441,2445,2346,2214,2037,2105,2056,1839,1856,1798,1707,1672,1497,1505,1206,1202,1248,1127,1120,999,843,864,818,749,683,649,665,554,473,495,418,333,317,284,239,219,215,133,145,104,70,91,65,53,41,27,36,15,17,6,7,4,9,2,5,0,1,0,0,162505,1967,1978,2229,2207,2276,2395,2460,2344,2222,2406,2167,2024,2083,2034,2054,1925,1847,1953,2110,2217,2248,2199,2146,2188,2350,2555,2751,2831,3076,2968,3030,2979,2981,3036,3254,3407,3267,3420,3358,3306,3175,2890,2876,2493,2538,2602,2620,2434,2184,2296,2266,2154,2026,1924,2014,1843,1765,1748,1592,1528,1532,1380,1314,1229,1049,1015,909,910,824,773,623,595,600,525,467,453,390,392,364,262,237,219,206,178,155,138,101,81,78,64,57,41,39,18,19,18,9,8,4,8,4,0,1
13,Hawaii,15,525078,245177,1911,2088,2029,2087,2077,2172,2149,2278,2172,2360,2386,2366,2447,2478,2615,2686,2871,2900,2810,2738,2565,2589,2755,2661,2673,2744,2833,2718,2671,2785,2867,2680,2761,2724,2613,2925,2788,3029,3221,3315,3705,3266,3324,3305,3623,3932,3721,3894,3930,3909,4283,4021,4054,4086,4255,4170,3987,4060,3841,3680,3842,3612,3639,3373,3037,3125,2941,2565,2425,2245,2271,2048,1977,1815,1765,1779,1663,1742,1645,1652,1622,1493,1563,1518,1400,1405,1161,1099,878,712,634,464,375,297,220,173,145,102,71,41,53,6,1,279901,1745,1830,1906,1841,1975,2009,2175,2075,2153,2324,2165,2270,2296,2393,2567,2596,2601,2664,2442,2421,2594,2509,2574,2685,2701,2779,2886,2885,2955,2939,3254,2892,3042,3159,3136,3361,3503,3488,3880,3945,4101,3945,3898,3971,4135,4391,4346,4396,4253,4419,4739,4484,4610,4505,4652,4611,4507,4554,4292,4305,4456,4174,4242,3967,3539,3574,3464,3030,2838,2814,2796,2526,2566,2436,2520,2543,2388,2591,2641,2601,2613,2543,2521,2411,2157,2159,1853,1698,1331,1288,1154,853,723,580,455,318,233,190,131,95,150,10,0
14,Idaho,16,19069,8476,96,107,101,144,121,117,140,119,111,113,139,120,102,117,115,120,127,128,125,121,159,126,151,173,174,170,177,177,183,140,167,149,160,122,141,155,134,179,156,140,144,143,100,106,100,111,111,119,100,87,120,113,89,93,92,88,80,102,83,70,89,64,64,56,48,47,57,33,32,38,36,34,13,22,23,19,21,22,21,13,22,17,15,12,11,17,15,10,5,5,6,4,9,2,1,4,1,1,0,0,0,0,0,10593,107,114,117,104,139,155,162,153,171,163,138,127,129,123,132,112,140,129,128,138,156,147,162,181,151,168,192,197,179,169,179,183,186,163,193,213,159,190,194,196,185,172,169,160,135,163,174,154,156,147,135,150,151,129,136,132,124,104,125,129,104,107,104,82,73,89,66,63,50,47,44,42,37,38,31,31,48,34,39,36,37,34,24,21,22,21,21,18,14,11,11,9,6,5,2,0,1,2,0,0,0,0,0
15,Illinois,17,586934,282459,3887,3840,3989,3913,3902,4030,3901,3807,3719,3654,3499,3357,3373,3370,3431,3421,3363,3550,3603,4125,4210,4364,4482,4612,4871,5171,5067,5386,5454,5322,5566,5377,5080,5245,5253,5353,5213,5272,5239,4964,5028,4724,4193,3934,3843,3941,3825,3697,3365,3339,3416,3293,3283,3195,3285,3307,3081,3076,2761,2829,2926,2770,2575,2629,2233,2144,1995,1940,1746,1658,1591,1341,1227,1179,1012,875,754,723,591,499,536,446,408,339,298,261,228,180,167,128,107,88,56,46,40,22,17,15,6,6,5,2,0,304475,3713,3809,3901,3805,3935,4096,4097,3896,3728,3726,3692,3372,3408,3438,3436,3245,3121,3282,3364,3678,3888,4022,4245,4525,4775,5294,5541,6033,5953,5841,6048,5790,5652,5777,5477,5615,5562,5792,5746,5613,5467,5069,4589,4203,4176,4271,4333,4226,3777,3851,3899,3704,3792,3697,3869,4050,3723,3553,3362,3411,3481,3224,3085,2980,2548,2526,2264,2123,1932,1842,1772,1562,1447,1234,1209,1088,960,951,843,798,793,654,621,588,486,436,375,349,291,261,199,159,109,92,68,37,34,30,19,15,32,4,1
16,Indiana,18,102474,49472,742,745,827,685,735,673,763,682,689,707,669,680,571,604,553,606,618,647,910,1341,1426,1388,1272,1133,1043,1062,1043,1029,1028,934,949,889,936,868,921,1019,877,900,797,830,843,803,728,711,714,665,634,669,542,491,532,428,458,464,445,405,342,350,331,331,354,307,289,275,232,222,237,203,172,169,146,145,136,129,99,101,94,70,62,56,35,44,38,29,29,32,22,8,9,10,7,9,7,7,4,3,1,1,1,0,1,0,0,53002,717,766,762,813,833,829,844,866,725,825,741,696,710,641,637,585,566,575,708,978,1121,1160,1091,965,1003,1016,1061,1025,1058,1005,1059,959,1036,1023,981,1047,1004,1012,954,995,937,855,801,731,741,711,735,642,567,659,620,570,581,535,525,495,487,460,460,449,439,416,377,349,332,251,254,247,246,203,200,169,181,134,139,134,103,106,108,117,97,84,74,49,48,38,26,32,19,20,12,10,13,3,5,5,0,1,2,2,4,0,0
17,Iowa,19,53094,26339,373,360,372,413,363,401,407,397,347,366,386,339,367,322,336,316,324,338,413,698,827,900,807,683,633,638,658,623,546,531,523,490,461,476,496,493,473,474,460,417,462,402,356,350,312,309,332,290,264,256,265,243,235,193,166,183,170,167,159,172,147,132,134,124,113,116,93,125,71,92,78,80,63,51,44,52,43,29,37,32,24,28,24,13,16,7,11,4,5,5,4,4,1,2,1,0,0,0,0,1,0,0,0,26755,336,332,443,343,407,416,395,387,403,425,388,331,363,375,322,334,321,378,452,636,709,599,563,533,521,510,565,579,590,514,569,487,472,478,476,452,483,540,493,465,421,419,400,357,392,380,343,283,307,273,289,256,237,252,214,262,229,224,233,218,215,198,177,148,141,133,135,125,93,95,106,74,82,72,63,57,62,58,39,53,39,43,23,26,31,20,12,7,8,11,8,4,8,3,2,2,3,2,2,0,0,1,0
18,Kansas,20,67762,32471,467,485,552,558,507,549,518,545,458,497,496,395,484,422,422,413,427,476,423,565,600,713,688,724,640,643,640,679,626,599,631,527,518,543,602,653,632,614,621,593,594,536,462,469,458,432,406,410,398,376,335,329,302,328,302,307,280,246,235,284,259,252,215,199,168,154,146,163,136,136,122,108,106,88,95,66,53,64,47,43,34,32,21,15,15,18,18,15,8,12,7,8,3,4,0,3,1,2,0,1,0,0,0,35291,457,468,498,495,506,507,566,563,501,530,469,462,477,441,427,422,452,440,447,576,656,609,646,626,633,648,661,707,687,690,647,586,673,667,646,699,653,698,645,652,637,583,532,515,478,459,445,463,418,400,433,354,382,404,393,374,351,382,356,351,363,305,257,251,236,207,191,185,198,154,128,138,120,98,91,96,76,88,70,72,69,62,49,37,31,30,22,28,15,15,17,13,11,6,4,7,2,4,1,1,0,0,0
19,Maine,23,13571,5899,79,71,90,85,78,93,75,76,101,83,95,82,81,65,81,77,135,198,168,190,113,122,111,92,67,94,85,83,104,98,113,87,89,87,100,102,103,114,90,108,97,92,95,82,77,69,88,73,51,84,67,62,70,60,64,69,68,53,43,52,61,30,39,41,37,29,27,28,22,28,14,17,19,16,18,10,14,9,5,11,3,6,4,5,4,3,1,2,2,0,2,5,1,1,2,0,0,1,0,0,1,0,0,7672,75,77,82,100,105,114,107,109,118,119,136,118,118,127,139,114,132,154,184,152,125,133,88,90,114,117,107,119,142,125,123,97,115,119,139,104,135,139,135,160,133,118,136,117,128,109,109,102,93,93,119,111,109,89,71,95,90,71,84,76,87,66,54,65,45,41,45,37,26,24,34,18,28,25,47,17,33,17,16,13,13,14,13,6,6,5,4,2,3,1,5,0,2,0,0,0,1,0,0,0,0,0,0
20,Maryland,24,318853,151128,1985,2039,2193,2097,2112,2112,2083,2041,1917,2191,1933,1898,1857,1906,1910,1937,1941,1946,2080,2192,2125,2178,2122,2034,2243,2212,2342,2304,2441,2352,2603,2360,2544,2602,2729,2803,2708,2770,2793,2686,2712,2587,2284,2219,2310,2327,2411,2378,2088,2156,2128,2101,2026,2026,1996,1929,1677,1606,1428,1455,1578,1403,1398,1343,1192,1102,1053,998,955,890,848,854,794,648,650,536,515,462,374,362,347,251,235,218,178,171,120,97,84,86,52,44,33,22,14,18,7,9,7,5,9,0,1,167725,1941,1964,2070,2027,1993,2174,2092,2071,2064,2100,1982,1884,1980,1914,1916,1889,1774,1906,1920,1978,1928,2015,2080,2098,2243,2530,2599,2757,2852,2845,3034,2959,2972,2979,3150,3103,3110,3140,3163,3157,3060,2946,2807,2680,2677,2785,2893,2801,2478,2487,2515,2411,2320,2292,2380,2265,2033,2105,1767,1780,1874,1815,1739,1599,1320,1284,1160,1155,1105,989,1001,873,816,726,691,646,584,560,499,461,461,349,330,311,253,235,211,186,116,131,108,78,45,51,34,21,25,16,10,12,10,0,0
21,Massachusetts,25,349768,167156,2347,2426,2467,2371,2368,2362,2348,2332,2132,2288,2049,1951,2044,1891,2038,1967,1950,2019,2889,3347,3272,3135,3006,2979,3111,3358,3290,3380,3425,3176,3250,3087,2953,3143,3179,3353,3179,3367,3036,3085,2930,2677,2576,2298,2327,2434,2504,2502,2008,2008,2084,1864,1886,1782,1721,1664,1566,1526,1327,1381,1404,1265,1127,955,887,867,800,788,797,687,700,655,637,583,524,498,470,402,373,364,311,247,227,186,169,159,147,108,83,90,48,44,31,30,27,12,14,6,9,2,7,0,1,182612,2189,2197,2501,2394,2266,2412,2408,2433,2363,2288,2087,2155,1959,2051,2137,2079,1978,2007,3136,3878,3586,3646,3399,3263,3445,3758,3783,3867,3842,3738,3942,3620,3373,3398,3523,3497,3479,3437,3346,3309,3080,2928,2763,2544,2687,2563,2718,2540,2091,2260,2158,2075,1990,1960,1915,2006,1673,1603,1551,1628,1566,1471,1248,1185,997,1002,900,868,831,857,775,737,699,645,614,568,506,525,408,435,407,314,349,277,276,216,187,151,138,139,87,84,49,43,42,33,22,11,17,10,17,4,0
22,Michigan,26,238199,115139,1638,1642,1780,1828,1812,1848,1844,1875,1776,1869,1742,1599,1714,1592,1671,1545,1561,1644,1901,2143,2231,2309,2214,1938,1964,1888,1865,1903,1922,1840,1978,1934,1931,1944,2146,2132,2109,2098,2120,2098,2201,1946,1817,1737,1727,1717,1661,1676,1379,1372,1302,1228,1267,1138,1141,1068,1011,949,889,905,888,831,838,800,726,689,622,657,578,543,503,478,451,346,337,297,251,210,203,188,171,145,94,112,80,91,64,57,38,33,27,21,11,8,6,8,3,4,6,1,4,0,0,123060,1519,1590,1728,1744,1808,1918,2044,1914,1882,1920,1741,1764,1679,1584,1541,1410,1545,1546,1827,1922,2082,2130,2039,1985,1981,1974,2021,2207,2213,2329,2336,2316,2263,2263,2385,2357,2381,2367,2510,2340,2225,2024,1904,1737,1808,1694,1816,1692,1442,1494,1392,1312,1323,1254,1265,1248,1165,1086,1068,1146,1175,1060,1095,1020,866,768,710,713,639,561,549,496,414,390,391,351,318,280,247,249,236,224,187,162,136,139,108,80,60,53,41,40,27,20,16,11,11,3,4,3,4,3,0
23,Minnesota,27,214234,103939,1917,1968,2046,2002,1962,1899,1908,1913,1834,1901,1777,1683,1713,1806,1709,1743,1998,1995,2071,2196,2307,2192,2137,2046,2016,2101,1984,2099,2097,2001,1935,1810,1674,1665,1919,2020,1827,1821,1674,1654,1611,1504,1387,1260,1252,1269,1216,1130,1031,983,922,812,851,749,823,746,661,674,602,595,647,520,485,443,404,446,339,334,285,305,285,235,213,216,210,166,154,120,132,157,120,90,82,70,59,64,43,45,46,35,22,17,11,15,6,4,3,4,1,6,2,0,0,110295,1802,1950,1988,2064,1866,2005,1973,1920,1828,1864,1881,1772,1756,1704,1773,1798,1852,1888,1971,2124,2157,2187,2073,2124,2147,2262,2371,2422,2412,2311,2198,1978,1910,1927,2026,2088,1840,1920,1757,1730,1698,1502,1466,1237,1295,1222,1200,1134,1032,1145,1068,1003,892,950,869,894,817,770,780,792,734,678,625,535,527,468,446,388,382,369,344,301,232,239,283,238,212,208,183,215,164,157,126,95,128,103,95,83,63,77,43,42,29,22,14,19,9,11,7,8,7,0,1
24,Mississippi,28,25742,12080,151,154,146,171,147,190,163,173,175,195,193,146,184,194,156,174,203,186,201,224,193,195,207,241,237,251,237,207,228,231,211,212,209,192,230,221,227,223,193,232,203,212,196,176,167,203,203,176,143,161,149,161,138,148,113,140,124,103,103,102,111,94,68,56,60,59,50,60,52,45,48,43,44,26,34,26,33,15,20,13,22,15,13,4,4,7,7,6,6,5,2,1,2,1,2,1,1,0,0,0,0,0,0,13662,140,151,152,154,185,187,190,172,179,181,196,142,154,157,157,188,137,176,174,168,209,204,223,197,244,257,254,267,236,223,229,242,228,241,245,235,276,245,252,268,270,254,205,205,199,230,213,193,174,183,199,193,181,201,181,187,158,180,142,155,140,136,128,109,88,82,94,79,85,77,56,49,55,64,43,45,37,26,32,31,30,30,23,28,14,12,12,7,10,3,6,4,3,2,1,2,1,0,0,0,0,0,0
25,Missouri,29,98083,46093,680,660,699,659,673,690,711,662,642,632,585,566,527,568,619,553,565,580,739,964,1007,1036,1006,935,945,954,913,896,969,884,894,894,832,873,945,934,849,898,882,843,834,785,680,666,596,692,606,585,518,467,525,415,429,420,412,360,352,345,353,334,338,352,311,264,267,265,253,215,196,220,191,179,166,159,146,111,82,86,76,75,60,51,47,51,26,35,33,22,18,16,6,7,12,9,4,2,2,1,1,1,0,0,0,51990,608,671,672,678,742,813,727,740,662,755,613,644,614,632,631,561,538,585,664,871,1006,1008,995,941,930,984,1005,1093,1078,989,1037,967,929,970,989,997,1013,957,902,985,893,893,754,730,727,708,800,661,577,595,622,582,517,580,585,608,537,512,481,519,508,455,449,432,335,339,300,280,260,245,212,201,217,176,159,148,150,131,140,122,116,103,86,70,44,50,43,30,24,16,20,15,10,9,3,2,0,4,4,2,2,1,0
26,Montana,30,6253,2490,26,24,24,34,31,35,30,30,21,21,27,23,27,36,29,48,56,56,59,67,71,68,64,74,70,70,64,46,42,34,41,35,44,35,43,42,31,45,36,36,32,28,43,30,25,22,31,27,34,31,32,21,24,26,31,21,20,20,29,18,23,27,18,16,21,15,11,8,5,11,8,10,8,4,4,7,3,5,4,3,6,4,4,1,4,6,2,2,1,3,0,3,1,2,0,0,0,0,0,0,0,0,0,3763,25,28,38,30,41,36,46,48,43,48,45,31,31,43,59,50,54,53,39,63,77,91,73,78,63,57,64,49,62,58,76,56,62,63,55,45,57,54,64,70,74,66,58,52,53,63,64,59,51,52,69,42,57,55,61,57,41,54,40,53,54,53,31,33,33,23,21,25,11,16,12,20,19,14,11,14,14,17,14,12,12,7,10,8,5,6,3,4,1,2,5,2,2,1,0,1,0,0,0,0,1,0,0
27,Nebraska,31,32293,15456,248,230,270,244,295,269,261,248,263,237,254,207,215,218,194,209,232,225,240,300,305,327,336,361,327,365,339,344,309,328,313,287,271,274,328,302,281,289,288,274,278,256,211,215,191,188,170,164,163,162,139,112,134,109,135,114,113,105,106,82,102,124,81,69,83,79,68,67,64,39,54,44,38,40,35,29,16,22,17,18,16,17,11,19,6,7,8,4,3,4,4,1,4,4,1,1,1,0,0,1,0,1,0,16837,246,270,244,246,253,262,287,261,253,266,212,247,216,220,194,220,238,185,224,289,312,346,359,328,315,318,371,388,396,327,332,315,305,260,290,276,342,282,314,290,304,256,265,226,217,207,217,196,166,185,153,184,176,179,173,147,149,172,136,173,166,156,126,114,82,91,82,81,70,66,59,53,57,51,46,35,31,39,37,30,24,27,19,16,19,16,16,11,10,10,5,5,2,1,0,1,0,0,0,0,2,1,0
28,Nevada,32,195436,88092,953,983,973,1049,953,990,1049,1120,1075,1204,1130,1088,1092,1198,1229,1183,1166,1151,1264,1256,1237,1223,1156,1224,1320,1379,1371,1361,1405,1350,1400,1302,1355,1341,1419,1394,1475,1501,1489,1510,1545,1405,1324,1314,1365,1394,1389,1331,1297,1279,1313,1238,1158,1158,1202,1153,1079,1082,995,1016,1073,988,980,1003,812,757,694,734,678,646,598,585,525,457,430,406,309,341,287,235,209,188,149,143,125,92,67,56,48,27,20,16,16,15,4,7,4,8,0,0,5,0,0,107344,868,875,911,1039,917,1028,974,1013,1030,1027,1060,1159,1088,1135,1163,1105,1106,1125,1171,1182,1244,1271,1295,1351,1419,1523,1395,1601,1623,1692,1654,1594,1743,1724,1646,1806,1791,1872,1837,1967,1948,1901,1779,1720,1719,1830,1828,1789,1686,1683,1722,1762,1748,1646,1631,1771,1678,1600,1481,1558,1569,1424,1454,1446,1117,1203,1010,979,930,860,870,676,709,644,567,557,489,516,395,367,335,304,249,224,181,152,119,110,77,86,59,38,22,33,18,20,9,7,4,4,7,0,0
29,New Hampshire,33,28407,13470,235,186,215,237,243,252,228,228,214,185,194,183,172,179,190,159,150,169,190,255,204,231,216,213,208,235,224,243,222,217,225,212,259,275,317,300,291,310,285,308,300,272,228,194,185,197,201,219,178,141,146,147,127,124,127,136,108,106,129,107,81,87,88,86,66,56,67,53,51,55,36,36,40,23,29,27,21,18,26,14,12,14,11,5,4,4,5,6,3,4,2,2,2,0,1,2,1,0,0,0,0,0,1,14937,211,254,248,247,255,240,234,260,233,225,220,177,178,190,188,175,144,157,168,200,183,264,209,210,238,244,235,271,297,300,303,298,343,305,347,320,315,333,313,295,238,303,235,194,248,218,220,212,190,182,159,177,176,163,158,168,149,142,113,125,147,111,124,88,82,77,77,80,54,51,39,33,36,28,19,25,30,38,28,25,23,17,13,13,17,12,16,8,8,3,3,4,4,3,3,1,0,0,0,0,0,0,0
30,New Jersey,34,725726,352693,5053,5003,5284,5255,5191,5293,5269,5077,4916,5077,4743,4621,4714,4745,4574,4646,4560,4684,4243,3892,3758,3992,3943,4233,4877,5115,5398,5760,5873,5996,6402,6150,6483,6749,7034,7172,6877,6849,6823,6587,6307,6155,5800,5344,5394,5535,5672,5655,4946,5075,4984,4712,4757,4700,4490,4265,3757,3895,3460,3411,3510,3187,3152,2952,2574,2395,2253,2232,2062,1862,1850,1668,1472,1387,1248,1061,956,821,754,596,550,481,412,354,315,274,218,190,162,131,87,81,54,46,34,29,18,13,11,5,11,0,0,373033,4907,4985,5296,5104,5039,5206,5147,5150,4894,4904,4682,4600,4616,4667,4613,4401,4396,4301,3787,3522,3564,3699,3955,4231,4995,5551,5946,6460,6737,7155,7428,7144,7197,7372,7255,7423,7188,7243,7014,6890,6783,6694,6187,5873,5937,5973,6032,5803,5348,5410,5440,5277,5252,5001,4956,4813,4200,4171,3723,3818,3974,3572,3515,3360,2807,2655,2516,2395,2212,1974,1980,1698,1608,1452,1382,1301,1083,1046,916,862,827,693,586,516,476,448,354,308,225,220,167,134,104,93,61,40,41,23,22,13,16,3,0
31,New Mexico,35,28208,12731,152,169,182,151,148,187,141,183,165,168,166,161,176,147,168,139,181,182,182,197,207,204,219,204,219,244,238,223,212,231,250,222,229,214,231,228,207,250,220,209,215,221,188,199,180,180,191,190,179,182,166,182,168,142,152,142,163,161,115,115,130,135,115,91,81,88,83,91,56,62,70,55,43,51,39,36,28,30,30,25,23,21,17,11,18,13,14,7,5,8,4,5,1,3,2,1,0,0,2,0,0,0,0,15477,128,154,139,167,159,196,183,191,187,188,191,179,186,193,187,146,159,150,201,180,175,209,201,183,225,226,223,221,245,278,284,259,282,267,274,295,255,255,284,270,256,304,254,231,262,272,249,273,241,220,211,243,220,211,233,225,188,214,202,188,210,209,190,161,130,135,99,113,93,83,75,87,58,77,77,68,39,64,55,47,51,43,64,37,31,18,12,20,13,12,9,6,2,5,4,2,2,1,1,1,1,0,0
32,New York,36,1420244,682709,8111,7983,8372,8329,8072,8444,8166,8193,7798,8154,7942,7648,8124,8299,8433,8680,8607,9072,9685,10960,11291,11679,11259,11401,12201,12279,11987,12220,12131,11729,12616,11563,11484,11267,11013,11703,10839,10781,11011,10950,11301,10474,9898,9461,9973,10564,10720,11085,9253,9655,10473,9726,9976,9694,9453,9416,8293,7925,7315,7454,7899,7029,6616,5757,4956,4835,4216,4234,3895,3800,3676,3352,3248,3033,2787,2622,2241,2094,1862,1729,1570,1271,1169,1009,854,761,713,618,558,427,325,263,176,152,115,63,72,45,35,23,19,4,1,737535,7654,7480,7969,7780,7651,8146,7852,8064,7550,8046,7756,7615,7848,7893,8170,8155,8178,8326,9419,10750,11358,11699,11564,11952,12982,13579,13567,14177,14437,14004,14865,13572,13012,13069,12625,13013,12433,12703,12588,12336,12729,11917,11187,10451,11018,11736,11825,12008,10250,10611,11159,10346,10637,10225,9911,10175,8826,8667,7927,8007,8776,7629,7244,6753,5567,5512,4688,4607,4403,4339,4169,3787,3597,3391,3222,2892,2789,2463,2226,2353,2142,1812,1700,1535,1410,1271,1107,926,706,659,500,413,364,287,210,187,136,96,58,59,84,16,1
33,North Carolina,37,208962,99858,1556,1621,1632,1662,1548,1557,1621,1576,1510,1607,1498,1400,1404,1476,1431,1426,1358,1366,1479,1655,1761,1719,1652,1677,1749,1881,1880,1920,1920,1830,1875,1867,1862,1846,1903,1894,1932,2113,1961,1812,1787,1799,1620,1529,1568,1473,1520,1353,1189,1196,1174,1086,1072,949,986,898,847,815,723,711,645,650,612,567,565,496,448,463,377,380,345,305,291,266,257,206,179,158,143,121,105,97,80,67,48,46,50,39,23,25,14,16,7,14,6,3,0,5,3,2,2,0,0,109104,1427,1479,1658,1656,1619,1726,1705,1668,1576,1601,1474,1521,1515,1421,1418,1412,1329,1424,1346,1490,1660,1653,1545,1534,1758,1910,2048,2141,2137,2150,2117,2119,2130,2044,2178,2236,2126,2216,2101,2081,2144,1898,1731,1644,1676,1567,1622,1471,1344,1396,1372,1228,1309,1183,1186,1134,1122,1081,987,927,958,882,827,782,656,616,523,552,483,476,404,371,338,300,292,299,236,247,196,189,191,159,123,119,98,80,71,54,52,41,27,20,22,21,7,6,3,2,5,1,4,0,0
34,North Dakota,38,6909,3403,43,37,36,41,34,35,32,33,27,37,25,29,38,36,44,37,39,37,66,92,139,184,194,172,128,96,104,97,83,66,64,64,67,61,59,65,45,58,48,51,44,58,36,42,44,41,39,29,24,33,18,17,17,15,20,23,17,12,15,18,14,24,18,13,12,15,11,14,11,8,5,4,3,2,6,4,5,4,2,3,4,5,2,2,2,2,2,0,0,0,0,1,0,0,0,0,0,0,0,0,0,0,0,3506,40,34,37,38,26,33,43,50,44,35,32,32,29,37,39,32,34,32,51,84,119,147,149,112,83,89,99,65,82,88,71,74,43,58,58,66,72,69,58,65,52,64,52,42,50,37,54,43,34,35,36,31,28,27,39,24,27,26,22,34,37,28,29,22,15,16,15,14,12,18,10,7,6,4,9,6,10,4,1,5,4,3,5,4,4,3,1,2,1,1,1,1,1,0,0,0,0,1,0,0,0,0,0
35,Ohio,39,192233,91755,1315,1303,1355,1361,1380,1358,1374,1305,1235,1319,1207,1131,1120,1089,1074,1065,1091,1073,1193,1636,1649,1567,1728,1745,1710,1747,1820,1817,1836,1697,1853,1749,1804,1813,1780,1944,1810,1847,1700,1711,1637,1514,1477,1252,1277,1315,1346,1283,1059,1048,1047,1002,993,944,875,854,817,846,765,759,727,700,688,619,584,549,523,503,447,480,417,409,332,346,262,262,203,181,178,118,130,122,108,78,73,66,46,51,38,31,19,10,9,8,5,2,2,3,2,0,3,0,0,100478,1199,1264,1365,1402,1516,1542,1558,1505,1417,1405,1293,1249,1250,1176,1143,1169,1044,1069,1174,1449,1549,1583,1626,1654,1727,1967,1929,1937,2120,2004,2111,1919,1880,1876,1931,1932,1770,1897,1876,1786,1862,1641,1564,1362,1500,1475,1450,1382,1224,1221,1186,1128,1207,1135,1082,1055,966,1024,938,1003,941,927,909,848,719,675,596,583,536,517,477,391,351,353,311,261,299,254,261,227,211,188,162,136,107,109,84,76,56,61,42,34,34,24,14,8,7,7,5,7,1,0,1
36,Oklahoma,40,65076,30707,419,397,464,452,448,482,441,452,459,443,429,401,416,418,408,462,446,407,521,630,641,634,668,720,698,678,620,593,628,574,535,472,533,445,498,554,512,541,549,512,505,474,426,411,433,439,447,403,389,368,374,316,311,305,314,292,312,294,265,250,263,226,202,186,195,179,134,127,133,107,125,129,110,76,64,66,41,56,55,55,49,29,43,29,18,25,13,12,12,1,5,2,4,3,1,1,1,1,1,0,0,0,0,34369,455,395,427,455,423,452,434,434,388,461,413,415,440,411,401,420,453,404,485,551,605,554,577,607,658,636,640,684,595,589,655,609,538,561,563,586,589,579,623,591,594,543,502,518,542,474,522,458,465,480,473,427,466,427,415,457,396,399,344,420,395,359,318,299,257,234,259,207,178,165,156,148,142,122,124,121,113,89,93,71,72,62,56,39,46,24,30,20,22,22,18,6,8,1,4,2,4,4,0,0,1,0,0
37,Oregon,41,141263,64624,729,814,863,858,868,852,954,894,871,956,850,853,899,878,820,858,971,937,1024,1186,1192,1150,1099,994,977,998,1007,1027,1041,952,1076,1012,1045,1087,1151,1223,1209,1160,1141,1173,1160,1129,977,995,1015,984,1018,1000,861,908,901,766,805,751,744,772,699,630,642,620,606,576,537,463,374,409,359,384,355,327,300,265,268,251,208,218,175,191,151,133,146,130,103,118,104,73,62,68,60,34,44,23,18,17,15,11,7,6,3,1,4,1,0,76639,705,753,885,935,879,970,933,955,892,956,962,878,918,911,868,874,964,909,1009,1175,1152,1221,1108,1008,1099,1092,1130,1272,1318,1290,1317,1202,1323,1357,1373,1504,1572,1563,1608,1506,1447,1374,1286,1131,1168,1225,1305,1199,1059,1081,1049,1058,988,1035,968,961,877,913,806,856,877,743,695,648,530,535,446,473,420,395,395,338,340,313,314,277,289,247,235,248,225,182,207,167,175,125,133,101,92,86,58,47,41,28,26,21,12,5,5,5,8,0,0
38,Pennsylvania,42,349088,167981,2405,2350,2410,2415,2464,2520,2311,2323,2199,2300,2137,2028,2172,1978,2120,2116,2104,2274,2753,3495,3509,3454,3116,3052,3073,3115,3037,3162,3238,3125,3310,2923,2921,2893,3074,3144,3000,3032,3014,2942,2704,2716,2388,2297,2299,2374,2357,2443,2062,2062,2081,1900,1895,1918,1825,1797,1624,1619,1440,1469,1502,1367,1315,1173,1086,1005,945,922,811,824,765,684,651,583,543,515,413,357,347,324,252,215,193,161,142,122,87,83,65,69,41,35,21,24,17,19,10,6,3,3,2,0,1,181107,2191,2236,2397,2398,2400,2545,2610,2654,2477,2540,2352,2200,2215,2278,2157,2121,2097,2112,2728,3481,3395,3270,3287,3018,3109,3435,3485,3531,3522,3598,3524,3244,3329,3280,3241,3232,3237,3235,3150,3150,3030,2864,2728,2473,2568,2614,2594,2641,2244,2224,2299,2100,2158,2076,2041,2000,1861,1900,1755,1776,1752,1621,1428,1428,1129,1228,1075,990,927,857,780,777,699,638,632,576,492,472,418,405,357,299,276,230,229,183,124,136,127,92,69,64,52,30,23,20,17,16,13,7,11,1,0
39,Rhode Island,44,30457,14286,169,172,200,195,190,196,177,197,172,185,153,198,160,169,192,185,212,221,293,384,422,378,327,306,299,312,303,309,321,335,324,285,241,191,265,222,211,205,196,221,198,204,210,196,154,200,191,192,165,172,126,167,166,167,153,128,109,144,107,113,125,122,96,84,80,80,64,62,51,56,59,58,39,47,39,39,34,22,18,24,18,17,9,12,15,13,15,4,4,8,3,4,1,1,0,1,5,1,0,0,1,0,0,16171,198,167,206,226,194,222,223,209,208,162,196,158,210,198,186,207,178,242,395,555,523,508,408,364,355,369,336,354,345,331,338,284,251,244,242,255,258,238,224,239,254,221,186,205,212,209,198,197,184,186,204,184,184,148,171,157,147,149,120,136,134,118,106,109,82,90,85,77,55,57,55,51,49,49,54,28,28,36,25,28,34,22,26,17,22,13,12,9,8,12,7,3,4,1,3,2,0,0,1,1,0,0,0
40,South Carolina,45,59051,27504,361,366,361,394,387,410,389,430,382,373,395,392,335,370,353,343,341,366,419,520,474,469,452,474,511,489,477,477,497,479,523,511,437,431,514,519,547,571,539,522,479,488,458,382,388,423,398,413,350,326,334,353,324,311,309,284,258,299,230,245,220,224,210,198,200,186,191,158,137,139,129,125,108,93,75,71,72,50,43,34,22,30,33,24,11,17,10,12,8,6,3,4,4,0,1,1,0,1,1,1,0,0,0,31547,380,380,382,441,444,420,453,463,432,433,357,397,352,350,354,348,339,350,347,415,412,430,430,403,479,497,572,557,574,594,566,525,567,561,540,573,602,641,641,581,569,588,537,468,516,458,475,485,436,429,399,383,449,442,367,416,374,405,336,368,386,336,339,321,235,234,203,189,180,168,187,146,100,114,121,85,79,116,64,80,69,53,44,40,35,22,26,20,15,10,11,12,10,4,4,2,2,1,2,0,0,0,0
41,South Dakota,46,7610,3602,47,62,55,54,57,56,44,51,47,59,58,59,66,49,55,47,46,57,62,77,82,102,96,96,115,113,89,82,71,64,68,68,51,69,70,56,73,67,65,62,50,53,53,40,48,43,46,47,34,46,38,36,30,34,27,28,30,19,19,19,23,18,18,13,15,6,7,4,4,12,4,6,6,9,11,2,7,5,7,2,3,4,2,0,3,1,0,0,1,1,1,0,0,0,0,0,0,0,0,0,0,0,0,4008,46,45,59,48,81,64,78,70,55,67,62,65,57,48,54,69,57,49,50,68,67,121,76,83,74,62,67,69,73,55,81,77,65,90,74,75,61,84,57,63,70,68,56,71,44,66,67,54,46,42,58,47,49,39,43,36,27,40,30,35,35,29,27,24,24,22,26,19,14,11,9,8,17,12,11,8,7,11,2,3,6,7,7,2,2,1,3,2,1,2,0,1,0,0,0,1,0,0,0,0,0,0,0
42,Tennessee,47,91242,42890,693,597,693,693,687,660,711,654,653,671,629,632,606,614,528,574,585,581,641,701,614,654,602,641,692,732,785,801,833,773,761,790,757,834,878,886,865,853,857,832,804,794,696,635,609,663,606,660,536,505,534,462,445,422,425,433,415,368,358,344,361,337,283,309,237,254,226,209,181,193,172,164,123,117,133,93,66,66,83,50,53,41,31,26,31,13,17,11,14,8,9,4,6,5,3,2,0,0,1,0,0,1,0,48352,563,596,668,690,782,796,829,784,675,736,705,601,621,574,579,567,595,526,586,596,645,638,681,662,697,825,854,900,942,944,868,918,979,908,952,934,934,971,941,951,947,875,813,713,722,726,744,693,584,599,603,589,603,602,546,596,550,573,452,493,467,411,403,370,314,358,262,241,225,220,196,171,146,148,132,124,98,125,109,100,79,75,65,56,45,38,22,18,21,16,10,9,11,12,7,1,1,6,2,1,1,0,0
43,Texas,48,964596,468770,6665,6649,7134,6909,7063,7225,7251,7116,6912,7248,6750,6259,6375,6351,6382,6125,6343,6249,6408,6379,6650,7193,7298,7391,7792,8137,8123,8282,8012,7768,8172,7834,7901,8066,8663,8844,8935,9162,8914,9036,8708,8388,7734,7198,7399,7233,7283,7097,6307,6253,6064,5676,5631,5459,5414,5210,4780,4811,4168,4221,4323,3960,3635,3263,2979,2935,2558,2555,2285,2116,1979,1789,1713,1486,1305,1232,1045,956,796,784,703,561,493,427,355,297,255,243,164,148,123,70,71,41,37,27,21,16,10,3,8,1,2,495826,6362,6419,6842,6762,6920,6980,7227,7027,6687,6982,6551,6130,6252,6286,6025,5861,6004,5851,5877,5857,6196,6490,6619,6965,7557,7816,8610,8879,8975,9037,9131,8974,8866,8997,9599,9767,9816,9956,9866,9650,9545,8786,8044,7540,7530,7500,7494,7392,6497,6823,6801,6493,6316,6351,6176,5953,5583,5712,5193,5336,5301,4696,4466,4028,3408,3376,2979,2809,2574,2366,2221,2037,1853,1777,1677,1379,1335,1260,1076,1128,994,767,724,698,596,481,409,349,284,246,179,144,117,84,81,68,36,32,13,19,22,4,0
44,Utah,49,55285,25671,327,330,334,347,306,354,356,370,313,338,368,356,365,347,363,388,365,415,449,534,438,490,579,547,574,526,532,534,546,497,477,435,437,434,460,470,421,412,442,438,423,386,350,352,373,372,347,358,301,287,329,255,271,294,284,257,261,243,192,206,227,195,181,151,135,147,122,115,114,85,107,73,72,73,59,65,61,67,39,57,31,43,43,39,30,28,46,24,27,9,12,8,10,9,5,1,3,0,0,1,2,0,0,29614,326,321,360,351,367,394,396,380,353,418,351,359,358,338,346,334,370,392,412,553,587,598,517,572,611,565,535,632,572,531,543,532,527,528,508,529,532,519,546,517,509,477,438,449,434,435,394,429,381,409,386,357,335,352,325,347,347,302,262,277,323,247,235,222,195,169,158,137,158,133,121,111,96,100,105,80,79,81,66,61,60,71,57,61,65,46,38,48,32,21,29,25,17,11,12,11,4,2,0,0,2,0,0
45,Vermont,50,7947,3481,48,36,42,43,52,59,57,61,52,44,52,52,50,50,52,48,48,63,91,115,102,103,80,79,69,75,76,58,64,54,55,59,59,60,45,79,65,64,53,51,44,49,56,49,49,45,44,48,36,39,39,32,40,18,29,34,24,33,16,27,24,28,20,16,17,15,12,18,7,9,15,8,12,6,4,6,6,7,5,4,3,2,6,4,3,1,2,0,1,0,2,1,0,0,0,0,1,0,0,0,0,0,0,4466,20,44,58,52,46,56,51,65,71,58,60,68,83,77,72,85,80,64,115,126,104,95,79,86,89,72,77,78,72,89,90,63,71,71,67,89,95,80,78,76,80,70,68,62,60,59,65,67,49,53,61,45,48,54,39,52,56,36,37,32,30,38,48,26,26,12,19,30,18,12,12,11,15,12,4,8,6,15,6,8,11,6,2,4,3,4,1,4,1,4,0,0,0,2,0,2,0,0,0,0,1,0,0
46,Virginia,51,439890,207680,2990,2980,3246,3130,3093,3251,3101,3005,2860,3047,2730,2660,2688,2680,2722,2701,2668,2729,2747,2845,2945,2934,2908,2984,3302,3272,3583,3552,3459,3581,3843,3620,3618,3642,3894,4336,4095,4192,4233,4131,3946,3782,3426,3300,3241,3237,3213,3059,2816,2842,2800,2603,2541,2443,2381,2252,1930,1990,1711,1780,1836,1697,1609,1548,1402,1298,1191,1134,1103,1062,1017,891,847,722,668,659,539,485,414,376,320,281,245,174,156,113,123,108,89,75,80,26,24,22,16,10,8,6,8,7,1,0,0,232210,2813,2867,3052,3074,3054,3219,3178,3145,2953,3007,2816,2593,2596,2656,2581,2535,2501,2508,2565,2672,2711,2858,2937,3056,3260,3584,3829,4143,4309,4336,4521,4414,4315,4387,4521,4754,4575,4773,4506,4496,4365,4145,3949,3694,3742,3818,3821,3628,3282,3417,3323,3099,3081,2998,2978,2989,2737,2699,2336,2323,2443,2255,2127,2052,1663,1641,1440,1528,1347,1262,1171,999,967,861,832,764,726,649,564,559,502,448,371,310,303,243,188,199,155,122,117,61,55,48,34,32,24,25,4,7,16,1,1
47,Washington,53,481067,221454,2762,2881,3139,2917,2912,2967,2936,2945,2819,2857,2758,2728,2855,2739,2718,2834,3072,3264,3502,3800,3796,3764,3481,3368,3564,3697,3699,4026,3802,3831,4070,3721,3647,3840,3781,3980,3915,4058,4008,3948,3823,3590,3435,3139,3267,3216,3198,3287,3006,2946,2929,2830,2756,2671,2725,2743,2476,2372,2129,2107,2201,2089,1986,1725,1506,1444,1316,1258,1203,1179,1136,1024,1070,949,809,753,710,608,528,521,486,407,354,322,302,268,252,231,178,146,114,88,73,49,38,33,15,15,7,2,11,2,0,259613,2642,2743,2852,2912,2869,2966,2972,3030,2828,2934,2799,2683,2720,2854,2863,2815,2866,3066,3459,3833,3741,3691,3465,3488,3586,3783,4090,4398,4666,4594,4572,4296,4320,4349,4585,4696,4713,4852,4754,4705,4757,4310,4048,4029,3925,4092,4197,4096,3625,3903,3853,3745,3505,3517,3668,3622,3377,3278,2898,3096,2978,2882,2599,2412,2019,2014,1852,1687,1682,1550,1487,1304,1398,1256,1187,1160,1044,1037,971,925,880,801,760,657,585,505,472,392,335,275,243,160,121,95,82,66,36,34,25,17,31,6,0
48,West Virginia,54,12406,5809,66,54,80,71,93,66,66,74,75,65,61,69,54,64,48,56,71,75,98,111,120,132,127,140,143,141,119,118,122,86,107,114,103,95,107,95,90,115,97,92,90,85,92,70,82,70,82,64,77,71,62,64,63,55,58,62,53,51,40,69,60,44,49,45,45,51,53,54,45,41,38,30,39,33,31,20,14,15,9,7,9,6,8,1,3,1,6,1,3,3,0,2,0,0,0,2,1,0,0,0,0,0,0,6597,61,62,70,78,80,64,84,78,82,82,86,57,57,82,78,61,59,66,77,81,93,111,136,134,149,130,157,139,112,115,117,114,96,109,112,98,112,109,125,134,108,117,97,60,102,92,97,106,78,92,88,73,96,69,87,70,74,88,74,86,98,76,80,66,79,60,66,51,54,41,34,37,28,28,20,18,19,19,7,20,13,15,14,11,8,5,9,7,2,3,2,1,1,0,2,0,0,1,0,0,1,0,0
49,Wisconsin,55,129234,62869,1200,1302,1198,1193,1170,1176,1109,1066,1118,1138,1066,1054,1021,1127,1130,1138,1257,1249,1387,1476,1563,1412,1478,1358,1362,1347,1415,1369,1296,1208,1183,1099,1068,1044,1055,1127,917,953,894,926,822,830,796,717,708,714,684,688,569,575,480,476,456,430,465,426,407,397,339,380,344,303,280,263,230,230,198,184,166,167,153,147,146,124,115,103,76,81,76,78,60,49,51,29,41,26,29,20,15,20,19,13,3,4,7,4,2,0,1,0,2,2,0,66365,1171,1255,1266,1272,1219,1241,1211,1208,1170,1169,1143,1074,1012,1147,1111,1167,1167,1219,1245,1409,1522,1465,1392,1445,1366,1426,1433,1420,1396,1274,1244,1152,1034,1014,1043,1027,957,1003,920,997,881,843,811,773,828,757,756,689,626,645,593,581,545,508,539,557,431,458,446,397,416,380,403,333,294,287,252,250,221,210,211,163,173,149,150,152,130,114,89,142,107,96,68,72,71,61,55,47,30,43,40,25,9,6,15,8,8,4,5,3,3,0,0
50,Wyoming,56,4426,1924,30,17,18,27,28,23,23,26,8,15,13,23,13,25,29,21,26,16,33,41,65,74,58,54,55,50,37,48,45,45,37,38,31,29,27,30,49,28,28,33,27,29,26,26,15,25,24,13,21,19,19,24,21,30,22,29,19,16,23,13,14,10,16,10,13,12,7,7,4,7,2,4,8,6,1,2,5,5,1,8,2,2,5,2,2,4,2,0,3,2,0,1,0,0,0,0,0,0,0,0,0,0,0,2502,16,25,33,18,24,29,28,33,22,32,23,20,31,27,27,19,21,28,31,34,46,61,78,44,64,62,61,54,52,41,38,38,33,32,37,45,44,43,35,55,37,53,38,28,40,37,51,33,24,32,36,30,41,33,32,36,34,30,33,31,27,17,23,21,18,17,9,17,13,13,16,5,16,5,6,12,8,7,8,5,3,9,9,2,4,4,4,2,3,0,3,1,0,1,1,0,0,0,0,0,0,0,0
51,Puerto Rico,72,6831,3079,37,27,45,42,40,29,41,41,40,43,50,30,46,37,33,30,38,47,51,41,50,43,33,31,40,42,52,43,49,64,42,41,44,47,49,67,40,56,50,46,59,51,48,50,55,53,62,58,40,48,52,41,40,44,49,36,36,27,26,36,36,39,26,23,24,34,28,25,22,16,23,10,13,19,15,18,15,12,5,7,6,4,3,1,1,1,6,1,4,3,2,1,0,1,1,1,0,1,2,0,2,0,0,3752,47,41,55,46,50,58,43,41,55,74,70,37,56,49,47,45,58,38,63,54,62,52,67,62,54,66,55,49,56,49,72,52,63,52,65,56,68,77,61,54,61,63,53,55,69,52,72,51,47,59,40,48,51,50,44,52,25,48,39,43,47,31,36,39,35,33,19,27,20,20,16,17,14,19,14,19,9,11,12,10,8,9,6,8,3,2,6,2,4,7,1,1,2,1,2,0,0,1,0,0,0,0,0
